<?xml version="1.0" encoding="UTF-8"?>
<tomcat-users>
  <role rolename="webgoat_basic"/>
  <role rolename="webgoat_admin"/>
  <role rolename="server_admin"/>
  <role rolename="webgoat_user"/>
  <role rolename="tomcat"/>
  <role rolename="role1"/>
  <role rolename="standard"/>
  <role rolename="manager"/>
  <role rolename="admin"/>
  <user password="webgoat" roles="webgoat_admin" username="webgoat"/>
  <user password="basic" roles="webgoat_user,webgoat_basic" username="basic"/>
  <user password="server_admin" roles="server_admin" username="server_admin"/>
  <user password="tomcat" roles="tomcat" username="tomcat"/>
  <user fullName="" password="tomcat" username="both"/>
  <user password="tomcat" roles="role1" username="role1"/>
  <user password="admin" roles="admin,manager" username="admin"/>
  <user password="guest" roles="webgoat_user" username="guest"/>
</tomcat-users>